0.6059322033898306,2.0,0.0,1.6371308016877637,1.0,0.0,0.0,0.0,0.0,0.04128440366972477,2.0,0.0,0.0,1.0,1.0,0.0
1.0,1.0,0.0,1.0,2.0,0.0,0.0,0.0,0.0,0.0,1.0,0.0,0.0,1.0,1.0,0.0
0.0,0.0,0.0,2.0,1.0,0.0,1.0,1.0,0.0,0.0,1.0,0.0,1.0,1.0,1.0,2.0
0.0,0.0,0.0,2.0,2.0,0.0,1.0,0.0,0.0,0.0,2.0,0.0,0.0,1.0,0.0,1.0
0.0,0.0,0.0,2.0,0.9282700421940928,0.0,0.0,2.0,0.0,0.04128440366972477,0.0,0.0,1.0,2.0,0.0,0.0
0.0,0.0,0.0,2.0,1.0,0.0,0.0,0.0,0.0,1.0,2.0,0.0,1.0,2.0,0.48760330578512395,0.0
1.0,1.0,0.0,2.0,0.9282700421940928,0.0,0.9957081545064378,0.0,0.0,0.0,2.0,0.0,0.0,2.0,0.0,2.0
0.0,0.0,0.0,0.0,0.0,0.0,0.0,0.0,0.0,0.0,2.0,0.0,0.0,2.0,0.48760330578512395,0.47058823529411764
1.0,0.47478991596638653,0.0,0.0,2.0,0.0,1.0,1.0,0.0,0.0,2.0,0.0,0.0,2.0,0.0,1.0
0.0,0.0,1.0,1.0,0.0,0.0,1.0,1.0,0.0,0.0,1.0,0.0,1.0,2.0,1.0,0.0
0.0,0.0,0.0,2.0,0.0,0.0,2.0,1.0,0.0,0.0,1.0,0.0,0.0,2.0,0.0,0.0
1.0,1.0,1.0,2.0,1.0,0.0,2.0,2.0,0.0,0.0,1.0,0.0,0.0,2.0,0.0,0.47058823529411764
0.0,0.0,1.0,2.0,1.0,2.0,2.0,1.0,0.0,0.0,1.0,0.0,0.0,2.0,1.0,0.0
0.0,0.0,1.0,2.0,0.0,0.0,1.0,0.0,0.0,0.0,0.0,0.0,0.0,2.0,2.0,0.0
0.0,0.0,2.0,2.0,0.0,0.0,0.9957081545064378,1.0,0.0,0.04128440366972477,0.9601769911504425,0.03319502074688797,0.0,2.0,0.0,0.47058823529411764
0.0,0.0,1.0,2.0,0.9282700421940928,0.30578512396694213,2.0,0.0,0.0,0.0,1.0,0.0,0.0,2.0,1.0,1.0
2.0,1.0,2.0,1.6371308016877637,0.9282700421940928,0.0,1.0,1.0,0.0,0.0,2.0,0.0,0.0,2.0,1.0,0.47058823529411764
0.0,0.0,0.0,2.0,1.0,0.0,2.0,1.0,0.0,0.0,1.0,0.0,0.0,2.0,0.0,1.0
1.0,1.0,2.0,2.0,0.0,0.0,1.0,0.6569037656903766,0.025210084033613446,0.0,1.0,0.0,0.0,2.0,0.0,0.0
0.0,0.0,2.0,2.0,1.0,0.0,2.0,0.0,0.0,0.0,0.0,0.0,0.0,2.0,1.0,0.0
0.0,0.0,0.0,1.6371308016877637,0.0,0.0,2.0,1.0,0.0,0.0,0.9601769911504425,0.03319502074688797,2.0,2.0,0.0,0.0
0.0,1.0,0.0,2.0,1.0,0.0,0.0,1.0,0.0,0.0,0.0,0.03319502074688797,0.0,2.0,0.0,0.0
0.0,0.0,0.0,1.0,0.0,1.0,0.0,1.0,0.0,0.0,1.0,0.0,1.0,2.0,0.0,0.0
0.0,0.0,2.0,2.0,0.0,0.0,1.0,0.0,0.0,0.0,0.0,0.0,0.0,2.0,1.0,0.0
1.0,2.0,0.0,2.0,1.0,0.0,0.0,0.0,0.0,0.04128440366972477,0.0,0.0,0.0,2.0,0.48760330578512395,0.0
2.0,2.0,0.0,0.0,1.0,2.0,0.0,0.0,0.0,0.04128440366972477,1.0,0.0,1.0,2.0,0.0,0.0
1.0,1.0,0.0,2.0,1.0,0.0,0.0,0.0,0.0,0.0,2.0,0.0,0.0,1.0,1.0,0.0
0.6059322033898306,0.47478991596638653,0.0,2.0,1.0,0.0,2.0,0.0,0.0,0.0,2.0,0.0,2.0,1.0,0.0,0.0
0.0,0.0,2.0,1.0,2.0,0.0,0.9957081545064378,1.0,0.0,0.0,2.0,0.0,0.0,2.0,0.0,0.0
2.0,2.0,0.0,2.0,0.0,0.0,1.0,0.6569037656903766,0.0,0.0,0.0,0.0,0.0,2.0,0.0,1.0
1.0,1.0,0.0,1.0,0.0,0.0,0.0,0.0,0.0,0.0,0.0,0.0,0.0,2.0,0.0,1.0
0.0,0.0,0.0,0.0,2.0,0.0,0.0,1.0,0.0,0.0,0.9601769911504425,0.0,0.0,1.0,0.0,0.0
1.0,0.0,0.0,1.6371308016877637,2.0,0.0,0.0,0.0,0.0,0.0,2.0,0.0,2.0,1.7148760330578512,0.0,1.0
1.0,1.0,1.0,2.0,0.0,0.0,0.0,0.0,0.0,0.0,0.0,0.0,0.0,2.0,0.0,0.0
1.0,1.0,0.0,2.0,0.0,0.0,0.0,0.0,0.0,0.04128440366972477,2.0,0.0,0.0,1.7148760330578512,1.0,0.0
1.0,1.0,1.0,2.0,1.0,0.0,0.0,0.0,0.0,0.0,1.0,0.0,0.0,2.0,1.0,1.0
0.6059322033898306,0.0,0.0,0.0,2.0,0.0,1.0,0.0,0.0,0.0,1.0,0.0,2.0,2.0,1.0,1.0
1.0,1.0,0.0,2.0,0.0,0.0,1.0,0.0,0.0,0.0,1.0,0.0,0.0,2.0,1.0,1.0
1.0,1.0,0.0,1.6371308016877637,1.0,0.0,0.0,0.0,0.025210084033613446,0.0,2.0,0.0,0.0,1.0,2.0,0.0
0.0,0.0,0.0,2.0,0.9282700421940928,0.0,0.0,2.0,0.0,0.04128440366972477,2.0,0.0,0.371900826446281,1.0,0.0,0.0
0.0,0.0,1.0,2.0,0.9282700421940928,1.0,2.0,0.0,0.0,1.0,0.0,0.0,1.0,1.0,0.0,1.0
1.0,0.0,0.0,2.0,0.0,0.0,1.0,0.0,0.0,0.0,1.0,0.0,0.0,2.0,2.0,0.0
1.0,1.0,1.0,2.0,0.0,0.0,1.0,0.0,0.025210084033613446,0.0,2.0,0.0,1.0,1.0,0.0,0.0
1.0,1.0,0.0,2.0,1.0,1.0,0.0,1.0,0.0,0.04128440366972477,0.9601769911504425,0.0,1.0,1.0,1.0,0.0
1.0,0.0,0.0,2.0,1.0,0.0,1.0,0.0,0.0,0.04128440366972477,1.0,0.0,0.0,2.0,1.0,1.0
0.0,0.0,0.0,2.0,1.0,0.0,0.0,0.0,0.0,0.0,1.0,0.0,0.0,2.0,0.0,1.0
0.0,0.0,0.0,1.0,1.0,1.0,1.0,0.0,0.0,0.0,1.0,0.0,0.0,1.0,0.0,1.0
1.0,1.0,0.0,1.0,1.0,0.0,1.0,1.0,0.0,0.0,2.0,0.0,0.0,2.0,0.0,1.0
0.0,0.0,1.0,2.0,1.0,0.0,1.0,0.0,0.0,0.0,1.0,0.0,0.0,2.0,1.0,1.0
0.0,0.0,0.5378151260504201,2.0,0.0,0.0,0.0,0.6569037656903766,0.0,0.0,1.0,0.0,1.0,1.0,0.0,1.0
0.0,0.0,2.0,2.0,1.0,0.0,1.0,2.0,0.0,0.0,1.0,0.0,0.0,2.0,0.0,0.0
0.0,0.0,2.0,1.0,1.0,1.0,2.0,0.0,0.0,0.0,2.0,0.0,0.0,2.0,0.0,0.0
1.0,0.0,2.0,2.0,1.0,0.0,1.0,1.0,0.0,0.0,1.0,0.0,0.0,2.0,0.0,0.0
0.0,0.0,2.0,2.0,0.0,0.0,1.0,1.0,0.0,0.0,0.0,0.0,0.0,2.0,0.48760330578512395,0.0
2.0,1.0,2.0,2.0,1.0,0.0,1.0,2.0,0.0,0.0,1.0,0.0,0.0,2.0,0.0,0.0
1.0,1.0,2.0,2.0,0.0,0.0,0.0,0.0,0.0,0.0,0.9601769911504425,0.0,1.0,2.0,1.0,2.0
0.0,0.0,1.0,1.6371308016877637,1.0,0.0,2.0,0.0,0.0,0.04128440366972477,0.0,0.0,0.0,2.0,0.0,1.0
1.0,0.0,0.0,2.0,0.0,0.0,2.0,1.0,0.0,0.0,1.0,0.0,0.371900826446281,1.0,0.0,1.0
2.0,1.0,1.0,1.0,2.0,0.0,1.0,1.0,0.0,0.0,1.0,0.0,0.0,2.0,2.0,1.0
0.0,0.0,1.0,1.0,1.0,2.0,2.0,0.0,0.0,0.0,2.0,0.0,0.0,2.0,2.0,0.0
0.0,0.0,0.0,1.0,0.0,0.0,0.9957081545064378,0.0,0.0,0.0,1.0,0.0,0.0,2.0,0.0,1.0
0.0,0.0,0.0,1.6371308016877637,0.0,0.0,0.9957081545064378,0.0,0.0,0.0,2.0,0.0,0.0,2.0,0.0,0.0
1.0,1.0,1.0,1.0,0.0,0.0,0.9957081545064378,1.0,0.0,0.0,1.0,0.0,0.0,2.0,0.0,0.0
0.0,0.0,0.0,2.0,2.0,0.0,0.0,2.0,0.0,0.0,2.0,0.0,0.0,2.0,1.0,0.0
0.0,0.0,0.0,2.0,2.0,1.0,1.0,1.0,0.0,0.0,0.9601769911504425,0.0,0.0,2.0,1.0,0.0
1.0,1.0,1.0,2.0,1.0,0.0,0.0,1.0,0.0,0.0,0.0,0.0,0.0,2.0,1.0,1.0
1.0,1.0,0.0,1.0,1.0,0.0,0.9957081545064378,1.0,0.0,0.0,1.0,0.0,2.0,2.0,1.0,2.0
1.0,0.0,1.0,2.0,0.9282700421940928,0.0,2.0,0.0,0.025210084033613446,0.04128440366972477,0.0,0.0,0.0,2.0,1.0,1.0
1.0,0.0,0.0,2.0,2.0,1.0,1.0,0.0,0.0,0.04128440366972477,0.9601769911504425,0.03319502074688797,0.0,2.0,0.0,0.0
0.0,0.0,0.0,2.0,1.0,0.0,2.0,2.0,0.0,0.0,0.0,0.0,0.0,1.0,0.0,2.0
0.0,0.0,2.0,1.0,0.9282700421940928,0.0,2.0,0.6569037656903766,0.0,0.0,1.0,0.0,0.0,2.0,0.0,1.0
0.0,0.0,1.0,2.0,0.0,0.0,0.0,0.0,0.0,0.04128440366972477,1.0,0.0,0.0,1.0,2.0,1.0
1.0,1.0,1.0,1.6371308016877637,0.0,0.0,0.0,2.0,0.0,0.0,2.0,0.0,0.0,2.0,0.0,0.0
1.0,0.0,2.0,2.0,0.0,1.0,1.0,0.0,0.0,0.0,1.0,0.0,0.0,2.0,0.0,0.0
1.0,1.0,1.0,1.0,1.0,1.0,1.0,1.0,0.0,0.0,1.0,0.0,0.0,2.0,0.0,2.0
1.0,1.0,0.5378151260504201,1.0,2.0,0.0,1.0,2.0,0.0,0.04128440366972477,2.0,0.0,0.0,2.0,0.0,1.0
2.0,2.0,0.0,1.0,1.0,0.0,0.9957081545064378,0.0,0.0,0.0,2.0,0.0,0.0,1.7148760330578512,0.0,0.47058823529411764
1.0,0.0,2.0,1.0,1.0,1.0,1.0,0.0,0.0,0.0,1.0,0.0,0.0,2.0,2.0,0.0
0.0,0.0,0.0,2.0,1.0,1.0,1.0,0.0,0.0,0.0,1.0,0.0,0.0,2.0,1.0,0.0
0.0,1.0,0.0,2.0,0.0,0.0,2.0,1.0,0.0,0.0,0.0,0.0,2.0,2.0,2.0,0.0
1.0,0.47478991596638653,0.0,2.0,0.0,0.0,0.0,0.0,0.0,0.04128440366972477,0.0,0.0,0.0,2.0,0.0,0.47058823529411764
2.0,0.47478991596638653,2.0,2.0,0.0,0.0,1.0,1.0,0.0,0.0,0.0,0.0,0.0,2.0,0.0,1.0
1.0,1.0,1.0,2.0,0.0,0.0,1.0,0.0,0.0,0.0,0.0,0.0,0.0,2.0,0.0,1.0
0.0,0.0,0.0,2.0,1.0,1.0,0.0,2.0,0.0,0.0,1.0,0.0,0.0,2.0,0.0,1.0
0.0,0.0,0.0,2.0,0.0,0.0,2.0,0.0,0.0,0.0,0.0,0.0,0.0,2.0,1.0,1.0
0.0,0.0,0.0,1.0,0.0,0.0,2.0,1.0,0.0,0.0,1.0,0.0,0.0,2.0,1.0,0.0
1.0,1.0,0.0,2.0,0.0,0.0,0.0,1.0,0.0,0.0,1.0,0.0,0.0,2.0,1.0,0.0
2.0,0.47478991596638653,1.0,2.0,2.0,0.0,0.9957081545064378,0.0,0.0,0.0,0.0,0.0,0.0,2.0,0.0,0.0
1.0,0.0,0.0,2.0,0.0,0.0,2.0,1.0,0.0,0.0,1.0,0.0,0.0,2.0,1.0,0.0
0.0,0.0,0.5378151260504201,2.0,1.0,0.0,0.0,1.0,0.025210084033613446,0.0,0.0,0.0,0.0,2.0,2.0,0.0
0.0,0.0,0.0,2.0,2.0,1.0,1.0,1.0,0.0,0.0,2.0,0.0,0.0,2.0,1.0,1.0
1.0,1.0,0.0,2.0,0.9282700421940928,1.0,2.0,0.0,1.0,0.0,0.0,0.0,0.0,2.0,1.0,1.0
0.6059322033898306,0.47478991596638653,0.0,1.0,2.0,2.0,2.0,1.0,0.0,0.0,0.9601769911504425,0.0,0.0,2.0,0.0,0.0
0.0,0.0,1.0,1.0,0.0,2.0,1.0,1.0,0.0,0.04128440366972477,0.9601769911504425,0.0,0.0,2.0,0.0,0.0
0.0,0.0,0.0,2.0,1.0,0.0,1.0,1.0,0.0,0.0,0.0,0.0,0.0,2.0,1.0,0.0
1.0,0.0,1.0,2.0,2.0,2.0,2.0,1.0,0.0,0.0,2.0,0.0,0.0,2.0,0.0,0.0
1.0,0.0,0.0,2.0,1.0,2.0,1.0,2.0,0.0,0.0,2.0,0.0,1.0,2.0,2.0,0.0
0.0,0.0,0.0,1.0,2.0,0.0,0.9957081545064378,0.0,1.0,0.0,1.0,0.0,0.371900826446281,2.0,0.0,0.0
1.0,1.0,1.0,0.0,1.0,2.0,1.0,2.0,0.0,0.0,1.0,0.0,0.0,2.0,0.0,0.0
0.0,0.0,1.0,2.0,0.0,0.0,0.0,0.0,0.0,1.0,1.0,0.0,0.0,2.0,0.0,0.0
1.0,1.0,0.0,2.0,2.0,0.0,2.0,1.0,0.0,0.0,1.0,0.0,0.0,2.0,1.0,0.0
1.0,0.47478991596638653,1.0,2.0,0.0,0.0,1.0,0.0,0.0,0.0,1.0,0.0,0.0,2.0,1.0,2.0
1.0,1.0,1.0,1.0,0.0,0.0,2.0,0.0,0.0,0.0,1.0,0.0,1.0,1.0,0.0,0.0
0.0,0.0,0.0,1.0,0.0,0.0,2.0,0.0,0.0,0.0,2.0,0.0,0.0,2.0,0.0,2.0
0.0,0.0,0.0,0.0,1.0,0.0,0.9957081545064378,1.0,0.0,0.0,0.0,0.0,1.0,2.0,1.0,1.0
0.0,0.0,0.0,2.0,0.0,0.0,1.0,0.0,0.0,0.0,2.0,0.0,0.0,0.0,1.0,0.0
0.0,0.0,2.0,2.0,1.0,1.0,2.0,0.0,0.0,0.0,2.0,0.0,0.0,2.0,0.0,0.0
1.0,0.0,0.0,2.0,2.0,1.0,1.0,0.0,0.0,0.0,2.0,0.0,0.0,2.0,1.0,0.0
1.0,1.0,0.0,1.0,2.0,2.0,1.0,1.0,0.0,0.0,1.0,0.0,1.0,2.0,0.0,0.0
1.0,0.0,0.0,2.0,1.0,1.0,2.0,0.0,0.0,0.0,0.0,0.0,1.0,1.0,0.0,0.0
0.0,0.0,1.0,1.0,2.0,0.0,2.0,1.0,0.0,0.04128440366972477,1.0,0.0,0.0,1.0,0.0,0.0
1.0,1.0,0.0,1.0,2.0,1.0,2.0,0.0,0.0,0.0,2.0,0.0,0.0,2.0,0.0,0.0
0.0,0.0,0.0,1.0,1.0,1.0,0.0,0.0,0.025210084033613446,0.0,0.9601769911504425,0.0,2.0,2.0,1.0,0.0
0.0,0.0,0.0,2.0,1.0,2.0,0.9957081545064378,0.6569037656903766,0.0,0.0,1.0,0.0,0.0,2.0,0.0,1.0
0.0,0.0,0.0,2.0,0.0,1.0,2.0,2.0,0.0,0.0,1.0,0.0,0.371900826446281,2.0,0.0,0.47058823529411764
0.0,0.0,0.0,2.0,2.0,0.30578512396694213,1.0,0.0,0.0,0.0,2.0,0.0,0.0,2.0,0.0,0.0
0.0,0.0,2.0,1.0,2.0,0.30578512396694213,2.0,0.0,1.0,0.0,1.0,0.0,0.0,2.0,2.0,1.0
1.0,0.0,1.0,1.0,2.0,0.0,2.0,1.0,0.0,0.0,1.0,0.0,0.0,2.0,0.0,0.0
1.0,1.0,0.0,2.0,0.0,0.0,1.0,0.0,0.0,0.0,1.0,0.0,0.0,2.0,0.0,0.0
0.0,0.0,0.0,2.0,1.0,1.0,2.0,2.0,0.0,0.0,0.9601769911504425,0.0,0.0,0.0,1.0,0.0
1.0,0.0,1.0,2.0,2.0,2.0,1.0,1.0,0.0,0.0,1.0,1.0,0.0,2.0,1.0,0.0
0.0,0.0,0.0,2.0,2.0,0.0,1.0,0.0,0.0,0.0,2.0,0.0,0.0,1.0,1.0,0.47058823529411764
1.0,1.0,1.0,2.0,2.0,0.0,1.0,1.0,0.0,0.0,0.9601769911504425,0.0,0.0,0.0,1.0,1.0
1.0,2.0,1.0,1.0,1.0,1.0,1.0,0.0,0.0,0.0,0.0,1.0,1.0,2.0,1.0,2.0
1.0,1.0,1.0,1.0,2.0,1.0,2.0,1.0,0.0,0.0,2.0,0.0,1.0,2.0,0.0,0.0
1.0,0.0,1.0,2.0,1.0,0.0,1.0,2.0,0.0,0.0,2.0,0.0,1.0,2.0,0.0,0.0
0.0,0.0,0.0,2.0,0.0,0.0,1.0,0.0,0.0,0.0,2.0,0.0,1.0,2.0,0.0,0.0
0.0,0.0,0.0,2.0,2.0,0.30578512396694213,1.0,0.0,0.0,0.0,1.0,0.0,0.0,2.0,0.0,0.0
0.0,0.0,0.0,1.6371308016877637,2.0,0.0,1.0,2.0,0.0,0.0,1.0,0.0,0.0,2.0,0.0,0.0
0.0,0.0,2.0,2.0,0.9282700421940928,2.0,2.0,1.0,0.0,0.0,2.0,0.0,0.0,1.0,0.0,0.0
0.0,0.0,1.0,2.0,2.0,0.0,1.0,1.0,0.0,0.0,2.0,0.0,0.0,2.0,0.0,0.0
0.0,0.0,2.0,1.0,2.0,0.0,2.0,1.0,0.025210084033613446,0.0,0.9601769911504425,0.0,0.0,2.0,0.0,1.0
0.0,0.0,0.0,2.0,2.0,0.0,0.0,2.0,0.0,0.0,2.0,0.0,0.0,2.0,0.0,0.0
0.0,0.0,1.0,0.0,2.0,0.0,1.0,1.0,1.0,0.0,1.0,0.0,1.0,1.0,0.0,0.0
0.0,0.0,0.0,0.0,0.0,1.0,2.0,0.0,0.0,0.0,2.0,0.0,0.0,2.0,0.0,0.0
1.0,0.47478991596638653,0.0,2.0,2.0,0.0,2.0,1.0,0.0,0.0,2.0,0.0,0.371900826446281,1.0,0.0,1.0
2.0,1.0,0.0,2.0,2.0,1.0,0.9957081545064378,2.0,0.0,0.0,1.0,0.0,0.0,2.0,1.0,1.0
0.0,0.0,1.0,2.0,2.0,1.0,2.0,2.0,0.0,0.0,1.0,1.0,1.0,2.0,0.0,0.0
1.0,1.0,0.0,2.0,1.0,0.0,0.0,1.0,0.0,0.0,0.0,0.0,1.0,2.0,0.0,1.0
0.0,0.0,1.0,2.0,1.0,0.0,1.0,0.0,0.0,0.0,1.0,0.0,0.0,2.0,0.0,0.0
0.6059322033898306,0.0,0.0,2.0,2.0,2.0,2.0,0.6569037656903766,0.0,0.0,1.0,0.0,1.0,2.0,1.0,0.0
1.0,1.0,0.0,2.0,2.0,0.0,1.0,0.0,0.0,0.0,2.0,0.0,1.0,2.0,0.0,0.0
0.0,0.0,1.0,1.0,0.0,2.0,1.0,1.0,0.0,0.0,1.0,0.0,1.0,2.0,1.0,0.0
1.0,1.0,0.0,2.0,1.0,0.0,1.0,0.0,0.0,0.0,0.0,0.0,0.0,0.0,0.0,0.47058823529411764
1.0,0.47478991596638653,1.0,0.0,0.0,0.0,2.0,0.0,0.0,0.0,1.0,0.0,0.0,2.0,0.0,0.0
1.0,1.0,0.0,2.0,1.0,0.0,1.0,1.0,0.0,0.0,1.0,0.0,1.0,1.0,1.0,1.0
2.0,2.0,2.0,2.0,0.0,0.0,1.0,1.0,0.0,0.04128440366972477,0.0,0.0,0.0,2.0,0.0,1.0
0.0,0.0,2.0,1.0,0.0,0.0,1.0,2.0,0.0,0.0,0.0,0.0,1.0,2.0,1.0,0.0
1.0,1.0,0.0,2.0,0.0,0.0,2.0,0.0,0.0,0.0,0.9601769911504425,0.0,1.0,2.0,0.0,1.0
2.0,2.0,0.0,2.0,0.0,0.0,2.0,0.0,0.0,0.0,1.0,0.0,1.0,0.0,1.0,0.0
1.0,1.0,1.0,1.0,1.0,0.0,0.0,1.0,0.0,0.0,0.0,0.0,1.0,2.0,0.0,1.0
1.0,1.0,2.0,1.0,0.0,0.0,2.0,0.0,0.0,0.0,0.0,0.0,1.0,2.0,0.0,1.0
0.0,0.0,0.0,2.0,1.0,0.0,1.0,2.0,0.0,0.0,0.0,0.0,0.0,2.0,0.0,1.0
0.0,0.0,0.0,2.0,0.0,0.0,1.0,0.0,0.0,0.0,1.0,0.0,0.0,1.0,0.0,1.0
1.0,1.0,0.0,2.0,0.0,0.0,0.0,0.0,0.0,0.0,0.0,0.0,1.0,1.0,0.0,0.0
0.0,0.0,1.0,2.0,0.0,1.0,0.0,0.0,0.0,0.0,0.0,0.0,1.0,2.0,0.0,1.0
1.0,1.0,0.5378151260504201,1.0,0.0,0.0,0.0,0.0,0.0,0.0,0.0,0.0,1.0,2.0,0.0,1.0
1.0,1.0,0.5378151260504201,2.0,1.0,0.0,1.0,2.0,0.0,0.0,1.0,0.0,2.0,2.0,0.0,0.0
2.0,2.0,1.0,1.6371308016877637,0.0,0.0,2.0,0.0,0.0,0.0,2.0,0.0,0.0,0.0,0.0,1.0
0.6059322033898306,1.0,2.0,2.0,1.0,0.0,1.0,0.0,0.0,0.0,0.0,0.0,0.0,1.0,0.0,0.0
0.0,0.0,0.0,1.0,0.0,0.0,0.0,0.0,0.0,0.0,0.0,0.0,1.0,2.0,1.0,0.0
1.0,1.0,0.0,2.0,1.0,0.0,1.0,1.0,0.0,0.0,0.0,0.0,0.0,2.0,0.0,0.0
1.0,1.0,0.0,1.0,0.0,0.0,2.0,0.0,0.0,0.0,2.0,0.0,1.0,2.0,1.0,0.47058823529411764
0.6059322033898306,0.0,1.0,2.0,0.0,0.0,1.0,1.0,0.0,0.04128440366972477,0.0,0.03319502074688797,0.0,2.0,0.0,2.0
0.0,0.0,0.0,2.0,2.0,0.0,2.0,0.0,0.0,0.0,0.9601769911504425,0.0,0.0,2.0,0.0,0.0
1.0,1.0,0.0,2.0,0.0,0.0,2.0,0.0,0.0,0.0,0.0,0.0,0.371900826446281,1.7148760330578512,0.0,1.0
1.0,1.0,2.0,1.0,1.0,0.0,0.0,1.0,0.0,0.0,1.0,0.0,1.0,1.7148760330578512,0.0,1.0
0.0,0.0,0.0,2.0,1.0,0.0,1.0,2.0,0.0,0.0,1.0,0.0,2.0,1.7148760330578512,1.0,0.0
1.0,1.0,0.0,1.0,1.0,0.0,2.0,1.0,0.0,0.0,0.0,0.0,1.0,0.0,1.0,0.0
2.0,2.0,0.0,1.0,0.0,0.0,0.0,0.0,0.0,0.0,1.0,0.0,1.0,2.0,0.0,1.0
0.6059322033898306,1.0,2.0,2.0,2.0,0.0,2.0,0.0,0.0,1.0,0.0,0.0,1.0,2.0,0.0,0.0
0.0,0.0,1.0,2.0,0.0,0.0,1.0,0.0,0.0,0.0,0.9601769911504425,0.0,0.0,2.0,0.0,0.0
1.0,1.0,1.0,1.0,0.0,0.0,1.0,0.6569037656903766,0.0,0.0,1.0,0.0,1.0,2.0,0.0,2.0
0.0,0.0,0.0,2.0,2.0,0.0,0.0,0.0,0.0,0.0,1.0,0.0,1.0,2.0,1.0,0.0
2.0,2.0,1.0,2.0,0.0,0.0,0.0,0.0,0.0,0.0,2.0,0.0,1.0,2.0,0.0,1.0
1.0,1.0,0.0,1.0,1.0,0.0,0.0,0.0,0.0,0.0,1.0,0.0,0.0,1.0,0.0,1.0
2.0,1.0,0.0,2.0,1.0,0.0,0.0,0.0,0.0,1.0,0.0,0.0,1.0,2.0,1.0,1.0
2.0,2.0,1.0,1.0,0.0,0.30578512396694213,0.0,0.0,0.0,0.0,0.0,0.0,0.0,2.0,1.0,0.0
2.0,2.0,0.0,1.6371308016877637,0.0,0.0,1.0,0.0,0.0,0.0,1.0,0.0,0.0,2.0,1.0,1.0
0.0,0.0,0.0,2.0,2.0,0.0,1.0,1.0,0.0,0.0,0.0,0.0,1.0,2.0,0.0,0.0
1.0,1.0,0.5378151260504201,2.0,0.0,0.0,1.0,0.0,0.0,0.0,1.0,0.0,1.0,2.0,0.0,0.0
1.0,1.0,1.0,2.0,1.0,0.0,1.0,0.0,0.0,0.0,0.0,0.0,2.0,2.0,1.0,2.0
0.0,1.0,0.5378151260504201,1.0,2.0,0.0,1.0,2.0,0.0,0.0,1.0,0.0,1.0,2.0,0.0,0.0
0.0,0.0,1.0,2.0,2.0,1.0,2.0,2.0,1.0,0.0,2.0,0.0,1.0,0.0,2.0,0.0
1.0,1.0,1.0,2.0,2.0,0.0,2.0,0.0,0.0,0.04128440366972477,1.0,0.0,0.0,2.0,0.0,0.0
0.0,0.0,1.0,2.0,2.0,0.0,0.0,0.0,0.0,0.0,1.0,0.0,0.0,2.0,0.48760330578512395,0.0
0.0,0.0,2.0,2.0,0.0,0.0,0.9957081545064378,1.0,0.0,0.0,2.0,0.0,0.0,2.0,0.0,1.0
0.0,0.0,0.0,2.0,1.0,0.0,2.0,2.0,0.0,0.0,0.0,0.0,0.0,2.0,0.0,1.0
0.0,0.0,1.0,2.0,0.0,0.0,2.0,1.0,0.0,0.0,1.0,0.0,0.0,2.0,1.0,0.0
0.6059322033898306,0.0,0.0,2.0,0.9282700421940928,1.0,1.0,1.0,0.0,0.0,1.0,0.0,0.0,2.0,0.0,0.0
0.0,0.0,1.0,2.0,2.0,0.0,1.0,2.0,0.0,0.04128440366972477,0.0,0.0,0.0,2.0,0.0,0.0
0.0,0.0,1.0,1.0,2.0,0.0,0.0,0.6569037656903766,0.0,0.0,2.0,0.0,0.0,2.0,0.0,0.0
1.0,0.0,0.0,2.0,1.0,0.0,2.0,1.0,1.0,0.04128440366972477,0.9601769911504425,0.0,1.0,2.0,0.0,0.0
0.0,0.0,0.0,2.0,1.0,2.0,2.0,1.0,0.0,0.0,1.0,0.0,0.0,1.0,0.0,1.0
2.0,1.0,0.0,2.0,0.0,1.0,2.0,0.0,0.0,0.0,2.0,0.0,0.0,2.0,1.0,0.0
2.0,0.47478991596638653,1.0,1.0,1.0,0.0,2.0,2.0,0.0,0.0,1.0,0.0,0.0,2.0,2.0,0.0
1.0,1.0,0.0,2.0,0.0,1.0,2.0,1.0,0.0,0.0,0.9601769911504425,0.0,0.0,2.0,0.0,2.0
0.0,0.0,2.0,2.0,0.0,0.0,1.0,0.6569037656903766,0.0,0.0,1.0,0.0,0.0,2.0,1.0,0.0
1.0,1.0,0.5378151260504201,2.0,2.0,1.0,1.0,1.0,0.0,0.0,0.0,0.0,0.0,2.0,0.0,0.0
0.0,0.0,1.0,2.0,2.0,1.0,1.0,0.0,0.0,0.0,1.0,0.0,0.0,2.0,2.0,0.0
2.0,1.0,2.0,2.0,1.0,0.0,1.0,1.0,0.025210084033613446,0.0,0.0,0.0,0.0,2.0,2.0,0.0
0.6059322033898306,1.0,0.0,1.0,1.0,0.0,2.0,1.0,0.0,0.0,2.0,0.0,0.0,2.0,0.48760330578512395,0.0
0.0,0.0,0.5378151260504201,2.0,1.0,0.0,2.0,0.0,0.0,0.04128440366972477,0.9601769911504425,0.03319502074688797,0.0,2.0,0.0,0.0
1.0,1.0,1.0,2.0,1.0,0.0,0.0,1.0,0.0,0.0,0.0,0.0,0.0,2.0,2.0,0.0
1.0,1.0,0.0,2.0,2.0,0.0,1.0,1.0,0.0,0.04128440366972477,1.0,1.0,1.0,1.0,0.48760330578512395,2.0
0.0,0.0,0.0,1.0,0.0,1.0,0.0,0.0,0.025210084033613446,0.04128440366972477,1.0,1.0,1.0,2.0,0.0,1.0
0.0,0.0,1.0,1.0,0.0,1.0,1.0,0.0,0.0,0.0,1.0,0.0,0.0,1.0,2.0,1.0
0.0,0.0,0.0,2.0,1.0,0.30578512396694213,0.0,1.0,0.0,0.0,0.0,0.0,0.0,2.0,0.0,0.0
1.0,1.0,0.5378151260504201,0.0,2.0,1.0,2.0,0.0,0.0,0.04128440366972477,1.0,0.03319502074688797,0.0,2.0,0.0,0.0
1.0,0.0,2.0,2.0,0.0,0.0,0.0,0.0,0.0,0.0,0.0,0.03319502074688797,1.0,2.0,0.0,0.0
2.0,1.0,0.0,2.0,2.0,0.0,1.0,1.0,0.0,0.0,0.0,0.0,0.0,1.0,1.0,1.0
0.6059322033898306,0.0,0.0,1.0,2.0,0.0,0.0,1.0,0.025210084033613446,0.0,0.0,2.0,0.0,0.0,0.0,0.0
0.0,0.0,1.0,2.0,2.0,1.0,2.0,2.0,0.0,0.0,1.0,0.0,0.0,2.0,1.0,0.0
0.0,0.0,0.0,1.0,2.0,1.0,2.0,1.0,0.0,0.0,0.9601769911504425,0.0,0.0,1.0,0.0,0.0
0.0,0.0,2.0,2.0,2.0,2.0,2.0,1.0,0.0,0.0,0.9601769911504425,0.03319502074688797,2.0,2.0,2.0,0.0
0.0,0.0,0.0,2.0,2.0,1.0,2.0,0.0,0.0,0.0,2.0,0.0,0.0,2.0,0.0,0.0
0.6059322033898306,1.0,0.5378151260504201,2.0,2.0,0.0,1.0,0.0,0.0,0.0,2.0,0.0,0.371900826446281,2.0,0.0,0.0
2.0,2.0,0.0,2.0,0.0,0.30578512396694213,0.0,0.6569037656903766,0.025210084033613446,0.0,1.0,0.0,1.0,1.7148760330578512,0.48760330578512395,0.0
2.0,0.0,0.0,1.0,1.0,0.0,0.9957081545064378,0.6569037656903766,0.0,0.0,0.0,0.0,0.0,2.0,1.0,0.0
0.6059322033898306,1.0,1.0,2.0,0.0,0.0,1.0,1.0,0.0,0.0,1.0,0.0,0.0,2.0,1.0,0.0
0.0,0.0,0.0,2.0,1.0,0.0,1.0,0.0,0.0,0.0,1.0,0.0,1.0,2.0,0.0,1.0
0.0,0.0,0.0,2.0,0.0,0.0,0.0,1.0,0.0,0.04128440366972477,2.0,0.0,2.0,0.0,2.0,0.0
0.6059322033898306,0.47478991596638653,0.0,1.6371308016877637,2.0,1.0,0.0,1.0,0.0,0.04128440366972477,0.0,1.0,1.0,2.0,1.0,1.0
1.0,1.0,0.0,2.0,1.0,1.0,0.0,1.0,0.0,0.0,0.9601769911504425,0.0,0.0,2.0,0.0,0.0
2.0,0.47478991596638653,0.0,2.0,1.0,0.0,0.0,1.0,0.0,0.04128440366972477,0.0,0.0,0.0,2.0,0.0,0.0
1.0,1.0,0.0,2.0,1.0,0.0,1.0,1.0,0.0,0.0,0.0,0.0,1.0,2.0,0.0,2.0
1.0,1.0,0.5378151260504201,1.0,1.0,0.30578512396694213,1.0,1.0,0.0,0.0,1.0,0.0,1.0,1.0,1.0,0.0
0.0,0.0,0.0,2.0,1.0,1.0,1.0,1.0,0.0,2.0,1.0,0.0,0.0,2.0,0.0,0.0
0.0,0.0,0.0,2.0,0.0,0.0,0.0,0.0,0.0,0.0,2.0,0.0,0.0,2.0,2.0,1.0
1.0,1.0,0.0,2.0,1.0,0.0,0.0,0.0,0.0,0.0,2.0,0.0,0.0,1.0,1.0,2.0
0.0,0.0,0.0,2.0,2.0,0.0,0.0,0.0,0.0,0.0,2.0,0.0,0.0,2.0,0.0,0.0
0.0,0.0,0.0,2.0,2.0,0.0,1.0,0.0,0.0,0.0,0.9601769911504425,0.0,2.0,2.0,0.0,0.0
0.0,0.0,0.0,1.0,2.0,0.0,0.0,1.0,0.0,1.0,2.0,0.0,0.371900826446281,1.0,1.0,2.0
1.0,0.0,0.0,1.0,0.0,0.0,1.0,1.0,0.0,0.0,0.9601769911504425,0.0,0.0,2.0,0.0,2.0
1.0,1.0,0.0,2.0,0.0,0.0,0.0,0.0,0.0,0.0,1.0,0.0,0.0,0.0,1.0,0.47058823529411764
0.0,0.0,0.0,1.0,1.0,0.0,2.0,1.0,0.0,1.0,1.0,0.0,1.0,2.0,0.0,1.0
1.0,1.0,0.0,1.0,1.0,0.0,1.0,0.0,0.0,0.0,1.0,0.0,2.0,2.0,1.0,0.0
1.0,1.0,0.0,2.0,0.0,0.0,0.0,0.0,0.0,0.0,0.0,0.0,0.0,2.0,0.0,2.0
0.0,0.0,0.0,2.0,2.0,0.0,0.0,2.0,0.0,0.0,0.0,0.0,0.0,1.7148760330578512,1.0,0.0
0.0,0.0,0.0,2.0,1.0,0.0,0.9957081545064378,2.0,0.0,0.0,0.0,0.0,0.0,0.0,0.0,2.0
0.0,0.0,1.0,0.0,1.0,0.0,1.0,1.0,0.0,0.0,1.0,0.0,0.0,2.0,1.0,0.0
0.0,0.0,0.0,2.0,1.0,0.0,1.0,1.0,0.0,0.0,0.0,0.0,0.0,2.0,1.0,1.0
0.0,0.0,1.0,2.0,2.0,0.0,0.9957081545064378,2.0,0.0,0.0,1.0,0.0,0.0,1.0,0.0,0.47058823529411764
1.0,2.0,0.0,2.0,2.0,0.0,0.0,0.0,0.0,0.0,2.0,0.0,0.0,1.0,0.0,1.0
0.0,0.0,1.0,1.0,0.9282700421940928,0.0,0.0,1.0,0.025210084033613446,0.04128440366972477,2.0,0.0,1.0,2.0,1.0,1.0
0.0,0.0,1.0,1.0,0.0,0.0,0.0,1.0,0.0,0.0,0.0,0.0,0.0,0.0,1.0,1.0
2.0,2.0,0.0,2.0,0.0,0.0,1.0,1.0,0.0,0.04128440366972477,1.0,0.0,1.0,2.0,0.0,1.0
0.0,0.0,0.0,2.0,0.9282700421940928,0.0,1.0,1.0,0.0,0.04128440366972477,1.0,0.0,0.0,1.0,1.0,0.0
0.0,0.0,0.0,2.0,0.0,0.0,0.0,2.0,0.0,0.0,0.0,0.0,0.0,1.0,0.0,0.0
1.0,1.0,1.0,1.6371308016877637,1.0,0.0,1.0,0.0,0.0,0.0,0.0,0.0,1.0,0.0,2.0,0.0
